<?xml version="1.0" encoding="UTF-8" standalone="yes"?>
<addon id="respositorio.pecascuco" name="REPOSITORIO PECASCUCO" version="1.0" provider-name="PECASCUCO">
    <extension point="xbmc.addon.repository" name="Example Repository">
        <dir minversion="19.0.0">
    <info compressed="false">https://raw.githubusercontent.com/PECASCUCO/repositorio.pecascuco/master/matrix/zips/addons.xml</info>
    <checksum>https://raw.githubusercontent.com/PECASCUCO/repositorio.pecascuco/master/matrix/zips/addons.xml.md5</checksum>
    <datadir zip="true">https://raw.githubusercontent.com/PECASCUCO/repositorio.pecascuco/master/matrix/zips/</datadir>
</dir>
    </extension>
    <extension point="xbmc.addon.metadata">
        <summary>REPOSITORIO PECASCUCO</summary>
        <description>REPOSITORIO</description>
        <disclaimer></disclaimer>
        <platform>all</platform>
        <assets>
            <icon>icon.png</icon>
            <fanart>fanart.jpg</fanart>
        </assets>
    </extension>
</addon>