<?xml version="1.0" encoding="UTF-8" standalone="yes"?>
<addon id="Repositorio.Pecascuco" name="REPO PECASCUCO" version="1.0" provider-name="PECASCUCO">
    <extension point="xbmc.addon.repository" name="Example Repository">
        <dir>
            <info compressed="false">https://raw.githubusercontent.com/PECASCUCO/Repositorio.pecascuco/master/repo/zips/addons.xml</info>
            <checksum>https://raw.githubusercontent.com/PECASCUCO/Repositorio.pecascuco/master/repo/zips/addons.xml.md5</checksum>
            <datadir zip="true">https://raw.githubusercontent.com/PECASCUCO/Repositorio.pecascuco/master/repo/zips/</datadir>
        </dir>
    </extension>
    <extension point="xbmc.addon.metadata">
        <summary>REPOSITORIO PECASCUCO</summary>
        <description>ULTIMAS ACTUALIZACIONES DE ADDONS PARA MIS BUILDS</description>
        <disclaimer></disclaimer>
        <platform>all</platform>
        <assets>
            <icon>icon.png</icon>
            <fanart>fanart.jpg</fanart>
        </assets>
    </extension>
</addon>